,acc_gold_max,acc_gold_min,acc_train_max,acc_train_min,desc,f1_gold_max,f1_gold_min,f1_train_max,f1_train_min,name,precision_gold_max,precision_gold_min,precision_train_max,precision_train_min,recall_gold_max,recall_gold_min,recall_train_max,recall_train_min
0,0.7682291666666666,0.6653645833333334,0.9934348739495799,0.6748949579831933,word,0.7663978127136022,0.6601647041403307,0.9934346742850191,0.6661590685574696,TASK3_A_word,0.7707277353689568,0.6610186771062718,0.9934435332838443,0.6795531849103278,0.7819144050251896,0.6673956206236266,0.993429241035962,0.67439189226466
1,0.71875,0.5325520833333334,0.7586659663865546,0.5908613445378151,word,0.7139438962305118,0.5137551739523794,0.7583531940648089,0.550116215690741,TASK3_A_word,0.7152468193384224,0.6445140241014576,0.7597873369446974,0.6440438160850057,0.7238989271597966,0.5971267294796706,0.7585601266695723,0.5914961933134724
2,0.7447916666666666,0.61328125,0.9461659663865546,0.6368172268907563,word,0.7407463891168866,0.6064752433909627,0.9461415978401997,0.6331836595419602,TASK3_A_word,0.7440455198980007,0.6765539927404718,0.9467421220607162,0.6417913593256059,0.7554029596508038,0.6708719259022676,0.9460932948466712,0.6364102801758381
3,0.7317708333333334,0.5885416666666666,0.7654936974789915,0.603203781512605,word,0.7208356860530774,0.5583703093552573,0.7639595421964147,0.5886193922473193,TASK3_A_word,0.7199730094466936,0.5823858738555627,0.7721317867624671,0.619243387574747,0.7218693284936479,0.5644416054508676,0.7652872634848757,0.6026164218052621
4,0.75,0.5182291666666666,0.8167016806722689,0.5913865546218487,word,0.7481132796900358,0.5081388344607459,0.8163775113186191,0.5441341249757267,TASK3_A_word,0.7679195419174865,0.5954861111111112,0.81916005246893,0.657608407079646,0.7707113148289619,0.5750362390927437,0.816793556217588,0.5924069977214925
5,0.71484375,0.4713541666666667,0.6636029411764706,0.5023634453781513,word,0.7008816343872818,0.3513513513513513,0.662619641561842,0.33810390602678064,TASK3_A_word,0.7013999754390274,0.2884882108183079,0.6668683290393818,0.5695877163849172,0.7011116152450091,0.4312077328895656,0.663629504881941,0.5013190996358822
